"p_val","avg_log2FC","pct.1","pct.2","p_val_adj","cluster","gene"
0,0.252527848482106,0.892,0.813,0,"0","Protein-CD19"
0,0.864546505863723,0.812,0.776,0,"0","Protein-CD30"
0,1.07746842988428,0.984,0.95,0,"0","Protein-FceR1a"
0,0.810544576695636,0.83,0.803,0,"0","Protein-CD294"
0,2.46002561497081,1,0.98,0,"0","Protein-CD71"
0,0.808593022224651,0.995,0.98,0,"0","Protein-CD34"
0,0.735221212712893,0.982,0.97,0,"0","Protein-CD117"
0,0.553372475722631,0.981,0.973,0,"0","Protein-CD15"
0,0.527444365003724,0.898,0.89,0,"0","Protein-CD45RO"
0,0.318827087658603,0.979,0.972,0,"0","Protein-CD79b"
0,1.50636575731044,1,0.994,0,"0","Protein-CD36"
0,0.723858258213912,0.998,0.994,0,"0","Protein-CD95"
0,0.973916843182355,1,1,0,"0","Protein-CD235"
3.7156790658859e-231,0.871573408734314,0.65,0.616,1.37480125437778e-229,"0","Protein-CD1a"
1.28962225135445e-179,4.00353996634859,1,0.735,4.77160233001147e-178,"10","Protein-CD25"
1.82558526612264e-86,1.57522196228833,1,0.942,6.75466548465376e-85,"10","Protein-CD5"
1.21780326220227e-77,1.51137506385754,1,0.955,4.50587207014841e-76,"10","Protein-CD3"
5.68720565412781e-74,1.71882326648211,0.989,0.939,2.10426609202729e-72,"10","Protein-CD4"
3.74769689954495e-70,0.437067801327284,1,1,1.38664785283163e-68,"10","Protein-CD44"
4.6688423772395e-41,1.12596071684684,0.978,0.895,1.72747167957862e-39,"10","Protein-CD2"
1.97235114519356e-26,0.838734053602646,0.927,0.764,7.29769923721617e-25,"10","Protein-CD45RA"
4.10323752790865e-20,0.472797226090294,1,0.999,1.5181978853262e-18,"10","Protein-CD62L"
2.38449116732364e-10,0.575874268588831,0.978,0.902,8.82261731909747e-09,"10","Protein-CD127"
2.16715257617641e-07,0.299705353658688,0.989,0.99,8.01846453185272e-06,"10","Protein-CD38"
8.14357516803753e-87,2.32633185881078,1,0.989,3.01312281217388e-85,"12","Protein-CD34"
2.43253715595621e-71,1.87899826883258,1,0.922,9.00038747703799e-70,"12","Protein-CD31"
2.35328055537873e-65,2.09056052137205,0.993,0.794,8.70713805490129e-64,"12","Protein-CD33"
3.74510168469058e-63,1.78078097412483,1,0.984,1.38568762333552e-61,"12","Protein-HLA-DR"
2.42859846420203e-26,0.48909345321892,1,0.997,8.9858143175475e-25,"12","Protein-CD49d"
1.52532359821309e-18,0.57046206654532,1,0.99,5.64369731338842e-17,"12","Protein-CD38"
1.83549850928021e-14,0.478574074871748,0.993,0.978,6.79134448433677e-13,"12","Protein-CD117"
3.1981550960758e-72,2.35196298551014,1,0.984,1.18331738554805e-70,"14","Protein-HLA-DR"
3.97389708987792e-52,2.37476313607626,0.992,0.794,1.47034192325483e-50,"14","Protein-CD33"
4.11980562796473e-39,1.30195183532341,1,0.923,1.52432808234695e-37,"14","Protein-CD31"
6.71357612108929e-39,1.29887679839282,1,0.939,2.48402316480304e-37,"14","Protein-CD4"
8.49040079614761e-28,0.517830544271678,1,0.997,3.14144829457461e-26,"14","Protein-CD49d"
7.92483032647867e-26,1.69550301641482,0.875,0.672,2.93218722079711e-24,"14","Protein-CD86"
1.80861381993987e-17,0.86259378588581,0.975,0.895,6.69187113377751e-16,"14","Protein-CD2"
2.0556938331174e-16,0.522439329539969,1,0.99,7.60606718253436e-15,"14","Protein-CD38"
2.78038816427912e-09,0.60858204396157,0.95,0.765,1.02874362078327e-07,"14","Protein-CD45RA"
1.39624006069876e-08,0.467831750335491,1,0.989,5.16608822458541e-07,"14","Protein-CD34"
6.08306278122073e-05,0.486852646981956,0.992,0.971,0.00225073322905167,"14","Protein-FceR1a"
0,1.17956390602983,0.982,0.734,0,"2","Protein-CD45RA"
0,2.0705254865151,1,0.88,0,"2","Protein-CD2"
0,1.59771859526263,0.999,0.889,0,"2","Protein-CD127"
0,1.33745769510779,0.999,0.903,0,"2","Protein-CCR7"
0,2.89554041614611,0.999,0.931,0,"2","Protein-CD4"
0,2.49692284187252,1,0.934,0,"2","Protein-CD5"
0,2.4663228921683,1,0.949,0,"2","Protein-CD3"
0,1.11655942493371,1,0.988,0,"2","Protein-CD38"
0,0.949741493122478,1,0.999,0,"2","Protein-CD62L"
0,0.582682960651512,1,1,0,"2","Protein-CD44"
1.04170826509462e-312,0.866387954657149,0.983,0.914,3.85432058085009e-311,"2","Protein-CD31"
0,2.53456297259515,0.996,0.746,0,"4","Protein-CD45RA"
0,3.08577987534894,0.982,0.767,0,"4","Protein-CD56"
0,1.93067404111728,0.968,0.836,0,"4","Protein-CD16"
0,2.58773150346348,1,0.923,0,"4","Protein-CD122"
0,1.38870772685833,0.999,0.989,0,"4","Protein-CD38"
1.16593939054543e-244,1.16051867692851,0.981,0.889,4.31397574501808e-243,"4","Protein-CD2"
4.88462910173661e-193,0.382872405801505,1,0.997,1.80731276764254e-191,"4","Protein-CD49d"
5.76981803464024e-160,1.21188868240027,0.885,0.759,2.13483267281689e-158,"4","Protein-CD8"
0,3.38360146741923,0.982,0.653,0,"5","Protein-CD86"
0,3.47970505281458,0.985,0.662,0,"5","Protein-CD64"
0,3.45764178881779,0.999,0.782,0,"5","Protein-CD33"
0,2.24366794054596,0.994,0.905,0,"5","Protein-CD14"
0,1.96014026933705,1,0.918,0,"5","Protein-CD31"
0,2.11137651577605,0.999,0.983,0,"5","Protein-HLA-DR"
3.35376058006776e-303,0.749688082635267,0.995,0.936,1.24089141462507e-301,"5","Protein-CD4"
5.15747450262926e-174,0.336216311859749,1,1,1.90826556597283e-172,"5","Protein-CD44"
1.56174461470698e-122,0.342188388506624,1,0.996,5.77845507441582e-121,"5","Protein-CD95"
4.640955772882e-61,0.371485323844427,1,0.998,1.71715363596634e-59,"5","Protein-CD36"
0,3.91502456508812,0.999,0.756,0,"6","Protein-CD8"
0,1.87604953540218,1,0.89,0,"6","Protein-CD2"
0,1.29040165231838,0.998,0.898,0,"6","Protein-CD127"
0,1.74454721885764,0.999,0.919,0,"6","Protein-CD31"
0,1.84970064106189,1,0.94,0,"6","Protein-CD5"
0,1.82993428214451,1,0.954,0,"6","Protein-CD3"
7.373240315872e-300,1.41640406042601,0.99,0.754,2.72809891687264e-298,"6","Protein-CD45RA"
8.53503600007817e-268,0.859926111833745,0.991,0.912,3.15796332002892e-266,"6","Protein-CCR7"
4.53903217539244e-255,0.397882881835742,1,1,1.6794419048952e-253,"6","Protein-CD44"
1.57986412890655e-188,0.692817616821275,1,0.989,5.84549727695424e-187,"6","Protein-CD38"
7.31858716138788e-90,0.516796328193379,1,0.999,2.70787724971352e-88,"6","Protein-CD62L"
2.83308468666852e-298,3.24779919641609,0.998,0.86,1.04824133406735e-296,"7","Protein-CD19"
9.14493847295691e-282,2.42667870815296,1,0.984,3.38362723499406e-280,"7","Protein-HLA-DR"
1.5185725716803e-277,2.14702247135325,1,0.976,5.6187185152171e-276,"7","Protein-CD79b"
1.95579851674826e-176,1.7445407403483,0.994,0.761,7.23645451196856e-175,"7","Protein-CD45RA"
3.85821033864457e-148,1.04833334774656,1,0.989,1.42753782529849e-146,"7","Protein-CD38"
1.68246593450412e-136,1.24177615815628,0.998,0.921,6.22512395766524e-135,"7","Protein-CD31"
4.9381064047766e-134,2.23704099385068,0.619,0.192,1.82709936976734e-132,"7","Protein-CD40"
